Produto,Lote,"G' 0,7Hz (Pa)","G'' 0,7Hz (Pa)","tan δ 0,7Hz","η* 0,7Hz (Pa.s)",G' 1Hz (Pa),tan δ 1Hz,Classificação
Belotero Balance Lido,B0053230,33.64,23.23,0.69,8.84,37.64,0.7,Predomínio viscoso (fluido)
Up Fine Lido,S2N724010,33.66,12.28,0.36,10.54,37.92,0.41,Moderadamente elástico
Milimetric PRO Leve Lido,MLFN2410A,56.26,32.04,0.57,14.01,61.98,0.58,Predomínio viscoso (fluido)
e.p.t.q S 100 Lido,YLA25002,70.35,39.28,0.56,17.43,77.62,0.56,Predomínio viscoso (fluido)
Milimetric PRO Moderado Lido,MLM1N2503A,72.44,34.84,0.48,17.39,78.95,0.49,Moderadamente elástico
Rennova Fill Fine Lines Lido,406018,81.53,43.56,0.53,20.0,89.35,0.54,Predomínio viscoso (fluido)
Restylane Refyne Lido,23768,81.57,23.87,0.29,18.39,85.65,0.31,Moderadamente elástico
Rennova Fill Eyes Lines Lido,YLA25503,87.38,45.38,0.52,21.3,95.68,0.53,Predomínio viscoso (fluido)
Neuramis Lido,C024007A,89.7,34.31,0.38,20.78,96.02,0.38,Moderadamente elástico
Juvéderm Skinvive,"1,00309E+11",102.26,54.75,0.54,25.1,109.56,0.51,Predomínio viscoso (fluido)
Juvéderm Ultra XC Lido,1003801607,110.75,37.44,0.34,25.29,117.63,0.35,Moderadamente elástico
Rennova Fill,YLA25503,118.08,40.86,0.35,27.03,125.81,0.35,Moderadamente elástico
Sofiderm Derm Plus,250917-2,122.17,30.11,0.25,27.22,127.24,0.25,Muito elástico (sustentação)
Revanesse Ultra + Lido,250714,127.76,39.36,0.31,28.92,135.13,0.31,Moderadamente elástico
Revanesse Kiss Lido,250407,131.06,50.83,0.39,30.41,140.33,0.39,Moderadamente elástico
Restylane Volyme Lido,S2231860020,137.69,22.68,0.16,30.19,141.5,0.18,Muito elástico (sustentação)
Revanesse Contour + Lido,25C053,142.29,39.24,0.28,31.93,149.56,0.28,Muito elástico (sustentação)
Saypha Filler Lido,905018,142.61,33.52,0.24,31.69,148.34,0.25,Muito elástico (sustentação)
Sofiderm Derm,251105-2,146.72,31.23,0.21,32.45,152.04,0.22,Muito elástico (sustentação)
Revanesse Outline+ Lido,24K091,148.24,32.83,0.22,32.85,153.89,0.23,Muito elástico (sustentação)
Sofiderm Fine Lines,240510-3,151.88,37.27,0.25,33.83,158.52,0.25,Muito elástico (sustentação)
Juvéderm Ultra Plus XC Lido,1003698142,161.39,38.1,0.24,35.88,167.64,0.25,Muito elástico (sustentação)
Evofill Derm,EVMD1CLX2603A,162.47,57.14,0.35,37.26,173.08,0.36,Moderadamente elástico
Neuramis Deep Lido,B625027A,164.47,43.84,0.27,36.82,172.49,0.27,Muito elástico (sustentação)
Stylage Lips Lido,233351202,167.01,34.95,0.21,36.92,173.25,0.21,Muito elástico (sustentação)
Milimetric PRO Intenso Lido,MLV1N2602H,170.32,46.24,0.27,38.18,178.54,0.28,Muito elástico (sustentação)
Revanesse Shape + Lido,250618,172.61,30.79,0.18,37.93,177.98,0.19,Muito elástico (sustentação)
Up Deep Lido,S2N725007,172.67,31.94,0.18,51.64,183.56,0.19,Muito elástico (sustentação)
Biogelis Fine lines,2509FL065C1E,176.94,35.31,0.2,39.03,183.41,0.2,Muito elástico (sustentação)
Biogelis Global Lido,2602GL009A2E,177.4,33.77,0.19,39.07,183.62,0.19,Muito elástico (sustentação)
Restylane Kysse Lido,22620-1,178.82,24.53,0.14,39.05,182.94,0.15,Muito elástico (sustentação)
Rennova Deep Line Lido,V04407,183.33,31.85,0.17,40.26,188.78,0.18,Muito elástico (sustentação)
Belotero Intense Lido,B00060100,186.11,60.69,0.33,42.35,197.15,0.33,Moderadamente elástico
Evofill Ultra Deep,EVVO1CLX2604A,199.67,57.16,0.29,44.93,209.59,0.29,Muito elástico (sustentação)
Rennova Ultra Volume Lido,V05519,221.87,32.38,0.15,48.51,227.59,0.14,Muito elástico (sustentação)
Sofiderm Deep,251029-2,223.11,42.59,0.19,49.14,230.49,0.19,Muito elástico (sustentação)
e.p.t.q S 300 Lido,YLB25514,226.0,53.09,0.23,50.23,235.9,0.24,Muito elástico (sustentação)
Biogelis Volume Lido,2504VL10322B,251.51,48.87,0.19,55.43,260.16,0.2,Muito elástico (sustentação)
Saypha Volume Lido,106033,251.93,29.13,0.12,54.87,256.43,0.12,Muito elástico (sustentação)
Juvéderm Volbella Lido,1003875837,252.5,40.4,0.16,55.32,258.76,0.15,Muito elástico (sustentação)
Belotero Volume + Lido,B0005990,252.61,57.31,0.23,56.04,262.95,0.23,Muito elástico (sustentação)
Neauvia Intense,HA2250906,252.61,57.31,0.23,56.04,260.65,0.23,Muito elástico (sustentação)
Rennova Lift,705069,253.59,28.77,0.11,55.22,257.86,0.12,Muito elástico (sustentação)
Stylage L Lido,232651104,260.15,41.82,0.16,57.01,267.48,0.17,Muito elástico (sustentação)
Cutegel Lidocaine CL-Max,BLM2401,282.48,56.87,0.2,62.34,289.31,0.2,Muito elástico (sustentação)
Hyafilia S Plus Lido,LBP24001,283.77,59.07,0.21,62.71,294.23,0.2,Muito elástico (sustentação)
Neauvia Stimulate,HA1250901,285.83,78.16,0.27,64.11,295.41,0.28,Muito elástico (sustentação)
Singderm Lido,H240729B11D,285.83,78.16,0.27,64.11,300.79,0.28,Muito elástico (sustentação)
Restylane Defyne Lido,22910,292.62,24.28,0.08,63.53,296.53,0.09,Muito elástico (sustentação)
Stylage XL Lido,232641104,305.08,46.59,0.15,66.77,312.73,0.16,Muito elástico (sustentação)
Neuramis Volume,C424040A,314.05,48.17,0.15,68.74,322.87,0.15,Muito elástico (sustentação)
Yvoire Classic+ Lido,ICK24008,319.88,45.65,0.14,69.91,326.43,0.14,Muito elástico (sustentação)
Up Contour Lido,S2N725009,328.48,47.92,0.15,71.82,337.05,0.14,Muito elástico (sustentação)
Sofiderm Derm Sub-Skin,241007-2,330.84,46.88,0.14,72.29,337.96,0.14,Muito elástico (sustentação)
Finahfil Intense,A260120L2-1B,338.51,37.9,0.11,73.69,345.49,0.11,Muito elástico (sustentação)
Perfectha Subskin,241118-1,343.0,52.0,0.2,75.01,351.3,0.15,Muito elástico (sustentação)
Up Max Lido,S2N725010,351.32,72.19,0.21,105.48,371.02,0.22,Muito elástico (sustentação)
e.p.t.q S 500 Lido,YLC25511,355.13,67.3,0.19,78.2,367.01,0.19,Muito elástico (sustentação)
Yvoire Volume+ Lido,N/D,358.5,55.99,0.16,78.5,365.96,0.16,Muito elástico (sustentação)
Juvéderm Volift Lido,1003113042,362.97,32.29,0.09,78.84,367.32,0.09,Muito elástico (sustentação)
Juvéderm Voluma Lido,1003471713,362.97,32.29,0.09,78.84,367.32,0.09,Muito elástico (sustentação)
Biogelis Volumax Lido,2502VX10092B,385.93,71.79,0.19,84.93,398.82,0.18,Muito elástico (sustentação)
Perfectha Deep,250217-2,386.46,46.88,0.12,84.22,394.88,0.12,Muito elástico (sustentação)
Rennova Lips Plus Lido,YLC25515,401.97,71.66,0.18,88.34,416.46,0.18,Muito elástico (sustentação)
Perfectha Derm,250217-1,440.68,50.1,0.11,95.96,449.31,0.11,Muito elástico (sustentação)
Rennova Lift Plus Lido,206031,475.85,34.33,0.07,103.22,481.87,0.07,Muito elástico (sustentação)
Saypha Volume Plus Lido,206020,488.91,35.54,0.07,106.06,494.62,0.07,Muito elástico (sustentação)
Hyafilia M Plus Lido,A11092601,526.31,83.47,0.16,115.29,539.16,0.16,Muito elástico (sustentação)
Restylane Skinbooster Lido,23887,562.82,148.26,0.26,125.92,588.77,0.26,Muito elástico (sustentação)
Yvoire Contour+ Lido,IVK25002,579.9,60.64,0.1,126.15,588.29,0.11,Muito elástico (sustentação)
Restylane Lido (lote 22647),22647,617.71,162.4,0.26,138.18,643.88,0.26,Muito elástico (sustentação)
Juvéderm Volux,1003958774,669.12,49.46,0.07,145.16,676.3,0.07,Muito elástico (sustentação)
Restylane Lyft Lido,21046-1,718.22,128.63,0.18,157.86,735.66,0.18,Muito elástico (sustentação)
Restylane Lido (lote 27003),27003,800.09,206.05,0.26,178.75,835.48,0.25,Muito elástico (sustentação)
Hyafilia V Plus Lido,A11102505,840.54,122.77,0.15,183.78,856.04,0.15,Muito elástico (sustentação)
Restylane Shaype Lido,23047,935.94,141.8,0.15,204.8,961.47,0.15,Muito elástico (sustentação)
